username,rating,text,date,city,company
"{'name': 'Kirti', 'link': 'https://www.google.com/maps/contrib/114898317634088900278?hl=en-US', 'contributor_id': '114898317634088900278', 'thumbnail': 'https://lh3.googleusercontent.com/a-/ALV-UjVRc9-K-Sxh9-BBN_fotc7Ir-5JV-0m9t77sr2Rdf2i4aXKuvq6BA=s120-c-rp-mo-ba3-br100', 'local_guide': True, 'reviews': 19, 'photos': 66}",5,It is so vastly spread in the area. The architecture is divine. The place is 10 mins walking from western express Highway metro station or gundavali metro station.,2 weeks ago,Mumbai,TCS
"{'name': 'shailesh desai', 'link': 'https://www.google.com/maps/contrib/108299233605531180632?hl=en-US', 'contributor_id': '108299233605531180632', 'thumbnail': 'https://lh3.googleusercontent.com/a-/ALV-UjVQesSie1hO4YejBDpoF3pNUYruuxqSaAmaEaMetYBhfoQK4XvX8g=s120-c-rp-mo-ba3-br100', 'local_guide': True, 'reviews': 26, 'photos': 156}",5,Place is good and it has good vibe...not too crowded hence its more nice...people are good they gel with each other pretty well.,6 months ago,Mumbai,TCS
"{'name': 'Bharat vaishnav', 'link': 'https://www.google.com/maps/contrib/108384190117907800588?hl=en-US', 'contributor_id': '108384190117907800588', 'thumbnail': 'https://lh3.googleusercontent.com/a-/ALV-UjVKb0QhufikzxfmVmFlx2pOAssnSYXFf1F0x4w9RJLfc8SEMcM=s120-c-rp-mo-ba3-br100', 'local_guide': True, 'reviews': 28, 'photos': 0}",5,Absolutely amazing place to work. Large green area amid urban City in Andheri. Very well connected with Western railway and Metro,8 months ago,Mumbai,TCS
"{'name': 'Meemoh Yadav', 'link': 'https://www.google.com/maps/contrib/107868614066712089593?hl=en-US', 'contributor_id': '107868614066712089593', 'thumbnail': 'https://lh3.googleusercontent.com/a/ACg8ocICPouFYELsyYEpIkfDCQA3Yi_GJUQaGkmLSuqnx4H_O4vso2BE=s120-c-rp-mo-ba3-br100', 'local_guide': True, 'reviews': 16, 'photos': 117}",5,"This a company Tata consultancy services private limited.

Am not worked here but am leave this company near.

And company is a very longest and security systems is very power full am not enter in gate on office but am looked this company daily after dinner walk .

I have some pictures company since night time
Upload you cam see ..

This company near red bus stop shivneri bus stop, there bus stop is too good here sitting system available here.

This company near JK residency distance 100M, there OYO room available .

Ok thanks",6 years ago,Mumbai,TCS
"{'name': 'Rana Gautam', 'link': 'https://www.google.com/maps/contrib/114942334649177279425?hl=en-US', 'contributor_id': '114942334649177279425', 'thumbnail': 'https://lh3.googleusercontent.com/a-/ALV-UjVK9bwPIlKzVrFmAQyKhF43tXfNFjA0DQS6DMOsZqurMf7485s=s120-c-rp-mo-ba6-br100', 'local_guide': True, 'reviews': 155, 'photos': 5592}",5,"Very difficult to beat the location. Bang at Western Express Highway. Connectivity with road is excellent. Walking distance from Metro. The gate is generally closed, understandable. However staff is very helpful. Inside the campus is very spacious and lush green.",a week ago,Mumbai,TCS
"{'name': 'KIRAN SHINDE', 'link': 'https://www.google.com/maps/contrib/105275254939701248991?hl=en-US', 'contributor_id': '105275254939701248991', 'thumbnail': 'https://lh3.googleusercontent.com/a-/ALV-UjXTdncl-C-fdfHZzueco3xsk9LG260e8wt-40dVAlGzvjVjIuEp=s120-c-rp-mo-ba4-br100', 'local_guide': True, 'reviews': 74, 'photos': 26}",1,"Worst security. They have rude security my mom came with me on first day and they didn't allow her to sit in inside waiting lounge instead asked her to leave. I wonder if Tata Sir comes for surprise then the security would treat the same?
Management take this in serious note and train your security to be compassionate",a year ago,Mumbai,TCS
"{'name': 'Smit Mahajan', 'link': 'https://www.google.com/maps/contrib/106096869920221972715?hl=en-US', 'contributor_id': '106096869920221972715', 'thumbnail': 'https://lh3.googleusercontent.com/a-/ALV-UjX4L4fcij0VPfHfzErra-BS3PJ_u3NWpYYXCoKl7PEZQ4--FYdXuw=s120-c-rp-mo-br100', 'local_guide': True, 'reviews': 10, 'photos': 3}",5,Loved the greenery over the walkway place.,2 months ago,Mumbai,TCS
"{'name': 'waheed shaikh', 'link': 'https://www.google.com/maps/contrib/106617360415978346435?hl=en-US', 'contributor_id': '106617360415978346435', 'thumbnail': 'https://lh3.googleusercontent.com/a-/ALV-UjW8Vbf0hnVi86pld2j_JpcA5EusWmlHhFefsfjkqdPNzCWw3r0wwg=s120-c-rp-mo-ba4-br100', 'local_guide': True, 'reviews': 147, 'photos': 70}",5,Tata consultancy services is a branch of Tata IT sector Tata consultancy services have so many branches in India and across the India I'm working as a chiller operator in Tata consultancy services banyan park Andheri East atmosphere is good and security checkpoint and safety point is high leve clean and good all things going professional,a year ago,Mumbai,TCS
"{'name': 'Nilesh Nag', 'link': 'https://www.google.com/maps/contrib/101947955684829750126?hl=en-US', 'contributor_id': '101947955684829750126', 'thumbnail': 'https://lh3.googleusercontent.com/a-/ALV-UjXOa6aCTwJSdPg_fa_igxkxSAnOianqf4t1Vqp7zGrPxt-oVYrs=s120-c-rp-mo-ba8-br100', 'local_guide': True, 'reviews': 651, 'photos': 1458}",5,"It was a dream come true, when I got invited to the Google office. It was really an amazing experience!

Located on Level 7 of the FIFC building in BKC, the Google Mumbai office is just mesmerizing as you enter. The staff and security are very helpful and polite.

It was amazing to talk to the Googlers and other team members. The whole event, the tour around the office and the food was just an unforgettable experience for me. I would really like to visit again!

Accessibility checks -
Wheelchair accessible entrance - ‚ôø‚úÖ
Wheelchair accessible lift - ‚ôøüõó‚úÖ
Wheelchair accessible toilets - ‚ôøüöª‚úÖ",9 months ago,Mumbai,Google
"{'name': 'Hinal Lad', 'link': 'https://www.google.com/maps/contrib/101315779802156744958?hl=en-US', 'contributor_id': '101315779802156744958', 'thumbnail': 'https://lh3.googleusercontent.com/a-/ALV-UjWbNNN5Yff-jABgB0Nri2bjx3yKoFRZR55HOXgAcgNKkKcup4BkqQ=s120-c-rp-mo-ba6-br100', 'local_guide': True, 'reviews': 133, 'photos': 1282}",4,"I was at the Google Mumbai for an event and it was truly mesmerizing.
Visiting the Google office in Mumbai for the kick-off event by Ping Networks was nothing short of a dream come true.
As I stepped into the tech giant's headquarters, I was immediately surrounded by an atmosphere of innovation and creativity. The sleek, modern design and state-of-the-art facilities were truly awe-inspiring. It was hard to believe that I was finally fulfilling a dream I had manifested to visit the Google office before 2023 ended.
During the event, I had the opportunity to meet many wonderful people from different backgrounds and expertise. We shared knowledge, insights, and experiences, sparking engaging discussions that further fueled my passion for technology and its endless possibilities.
The experience was not only fulfilling but also a catalyst for personal and professional growth.",a year ago,Mumbai,Google
"{'name': 'Hemang Rindani', 'link': 'https://www.google.com/maps/contrib/101117960054020477594?hl=en-US', 'contributor_id': '101117960054020477594', 'thumbnail': 'https://lh3.googleusercontent.com/a-/ALV-UjWSs1Qex7vNXfD2v3BUhTuH5yfRbnzQMYLD4BE_w9S38vVdhE2KeQ=s120-c-rp-mo-ba6-br100', 'local_guide': True, 'reviews': 402, 'photos': 2748}",4,"A very good space, and location for an office as big as Google. It has a well organised development center and a very well trained and smart staff, including security. Cafeteria is too really good. The office is also well connected to other areas of the city. Just that not as outstanding as other India offices, or their offices abroad.",a year ago,Mumbai,Google
"{'name': 'Naresh Darji', 'link': 'https://www.google.com/maps/contrib/109772460241151193609?hl=en-US', 'contributor_id': '109772460241151193609', 'thumbnail': 'https://lh3.googleusercontent.com/a-/ALV-UjVuGtLKbWTGTP9-4VlhppTMQqzPhS2lxVzo2LntPo46hwY7N-dgBw=s120-c-rp-mo-ba8-br100', 'local_guide': True, 'reviews': 702, 'photos': 4215}",5,"I had the privilege of participating in Contributors Conversations at Google Office twice this year, and it was an absolutely phenomenal experience from start to finish.
During the office tour I also visited the cafeteria, music room, game zone and restaurant. Which was a truly unforgettable experience. üòç",a year ago,Mumbai,Google
"{'name': 'ShrutN M', 'link': 'https://www.google.com/maps/contrib/116526894311858094118?hl=en-US', 'contributor_id': '116526894311858094118', 'thumbnail': 'https://lh3.googleusercontent.com/a-/ALV-UjVQB5VaE1phOlf0tlWN3uJJ-CkaXMjvZo2dvK9OKyeyWRE0HNEZgw=s120-c-rp-mo-ba8-br100', 'local_guide': True, 'reviews': 542, 'photos': 16792}",5,"Its my Second visit in this year,
I love all arrangements, they have lots of section for Google Employees, Cafeteria, food section, games section, Music room also, & many more..
as a visitors we visit some of them & we enjoyed a lot, all staff are friendly & helpful, all food snacks items are good, love to visit again & again..",a year ago,Mumbai,Google
"{'name': 'Simran Sankhe', 'link': 'https://www.google.com/maps/contrib/114908991367749949133?hl=en-US', 'contributor_id': '114908991367749949133', 'thumbnail': 'https://lh3.googleusercontent.com/a-/ALV-UjVaSdClkPneXjAstq9OcLU1R-hBoxPESgyAqUbDnRMYHwl7hPE1=s120-c-rp-mo-br100', 'local_guide': True, 'reviews': 6, 'photos': 15}",5,"This office is in FIFC Building. You can use landmark Hitchki BKC, to reach here you can get auto just outside station.
It was surreal for me as a student to visit Google office, who doesnt want to work at Google bro c'mon. I totally had an amazing experience at Google. From the office to food every thing was top notch. I loved the vibes and ambience over there. Employees are welcoming.
I really wish to work at Google one day.",a year ago,Mumbai,Google
"{'name': 'Angad Chandhok', 'link': 'https://www.google.com/maps/contrib/101983678829057043827?hl=en-US', 'contributor_id': '101983678829057043827', 'thumbnail': 'https://lh3.googleusercontent.com/a-/ALV-UjWjSL0JwHQV8aoCVwXLEnLrqHWSmvsHB2-3lCP87KBZvpiy4wrUhQ=s120-c-rp-mo-ba6-br100', 'local_guide': True, 'reviews': 400, 'photos': 3388}",5,"I was invited here and was mildly taken aback after exploring it. It's such a well thought out and vibrant workplace. The breakout areas, the cafeteria and the food especially, it's simply amazing!",a year ago,Mumbai,Google
"{'name': 'NITIN ‚ÄúPRAJAPATI‚Äù', 'link': 'https://www.google.com/maps/contrib/105871097732883228693?hl=en-US', 'contributor_id': '105871097732883228693', 'thumbnail': 'https://lh3.googleusercontent.com/a-/ALV-UjVoCU1sfVXuIvyVxgK9HmiZjbV09H_SyB3goIXM_aDmKbTjkOvjwg=s120-c-rp-mo-ba6-br100', 'local_guide': True, 'reviews': 200, 'photos': 327}",5,"On the west coast of India, the city of Mumbai is located. It is India‚Äôs largest city and also the financial capital of the country. After Hyderabad and Bangalore, Mumbai also began developing its IT sector.

As an innovative company, Google realizes Mumbai potential and uses this golden opportunity to open a Google office in Mumbai",7 months ago,Mumbai,Google
"{'name': 'Dipankar Meshram', 'link': 'https://www.google.com/maps/contrib/103082340974169098402?hl=en-US', 'contributor_id': '103082340974169098402', 'thumbnail': 'https://lh3.googleusercontent.com/a-/ALV-UjUg_ZIZ6OHaAD2Og46wuZYakD79m49ourwWWAkpkKd4TYPGM0Qi=s120-c-rp-mo-ba5-br100', 'local_guide': True, 'reviews': 201, 'photos': 359}",4,"Infosys Vikhroli office is situated in a good location..The atmosphere of working is also good, and seats are only 150-200. Usually the office is full 75-80 percentage. You get a good view from the windows of the Navi Mumbai and the green area of mangroves. Washrooms, dining area are clean",a year ago,Mumbai,Infosys
"{'name': 'Chaitanya Mishra', 'link': 'https://www.google.com/maps/contrib/112632067238958532520?hl=en-US', 'contributor_id': '112632067238958532520', 'thumbnail': 'https://lh3.googleusercontent.com/a-/ALV-UjUsrUvyKn3jY-wsVpuW-LGOS5ccEVDWy59o8MpMUJ37Dm1xAmM=s120-c-rp-mo-ba4-br100', 'local_guide': True, 'reviews': 34, 'photos': 28}",4,"Great place to work, having good views and good seating arrangement",a year ago,Mumbai,Infosys
"{'name': 'Jyoti Saroj', 'link': 'https://www.google.com/maps/contrib/101484258271346335592?hl=en-US', 'contributor_id': '101484258271346335592', 'thumbnail': 'https://lh3.googleusercontent.com/a-/ALV-UjUQWvxVhfXphdnj3_m3Z1Drn4EDzoCkmSn0vlCKqfDtMVHIw6qm=s120-c-rp-mo-ba4-br100', 'local_guide': True, 'reviews': 85, 'photos': 355}",5,Very nice and beautiful environment of office,a year ago,Mumbai,Infosys
"{'name': 'Aditya Sharma', 'link': 'https://www.google.com/maps/contrib/117162651309953195002?hl=en-US', 'contributor_id': '117162651309953195002', 'thumbnail': 'https://lh3.googleusercontent.com/a-/ALV-UjVdqo9Y7L6dHT-lSiSuUoVXFfNUmEjEOLltvNLxVN9qn_2Wh9SI=s120-c-rp-mo-ba4-br100', 'local_guide': True, 'reviews': 93, 'photos': 15}",4,Good location but small capacity of office,a year ago,Mumbai,Infosys
"{'name': 'Sushant Navale', 'link': 'https://www.google.com/maps/contrib/104905304684432860210?hl=en-US', 'contributor_id': '104905304684432860210', 'thumbnail': 'https://lh3.googleusercontent.com/a/ACg8ocI1Cimoa-5bZcLnqiT0K_sQwT17aKUwyRmZDXCNEsehKuluBQ=s120-c-rp-mo-br100', 'reviews': 2, 'photos': 0}",5,Great place to work. Great location,a year ago,Mumbai,Infosys
"{'name': 'Vikash Dubey', 'link': 'https://www.google.com/maps/contrib/115034551622685916393?hl=en-US', 'contributor_id': '115034551622685916393', 'thumbnail': 'https://lh3.googleusercontent.com/a-/ALV-UjW_qVhBWgQmq0chU7hr9gh33dU8_Em221ky8lqprkuxB79jmZTX=s120-c-rp-mo-ba2-br100', 'local_guide': True, 'reviews': 32, 'photos': 0}",4,Good organization and work life balance,a year ago,Mumbai,Infosys
"{'name': 'Ramesh Kedar', 'link': 'https://www.google.com/maps/contrib/103942044922953620093?hl=en-US', 'contributor_id': '103942044922953620093', 'thumbnail': 'https://lh3.googleusercontent.com/a-/ALV-UjUxzZj3RxPFQyVbbKQQ3j89cO_uYMqRQnP1diQv6Ogu6fdwJpBq=s120-c-rp-mo-ba3-br100', 'local_guide': True, 'reviews': 18, 'photos': 23}",5,Dream comes true.....Love INFY,a year ago,Mumbai,Infosys
"{'name': 'OMKAR PATIL', 'link': 'https://www.google.com/maps/contrib/116641373007132948683?hl=en-US', 'contributor_id': '116641373007132948683', 'thumbnail': 'https://lh3.googleusercontent.com/a/ACg8ocKMZ9xicnNAiZmwAQ2vSNG1UPYQ2265yw9oCOkEUagF60rKy8U=s120-c-rp-mo-ba3-br100', 'local_guide': True, 'reviews': 33, 'photos': 16}",5,Good place to work,a year ago,Mumbai,Infosys
"{'name': 'Priyanshu Verma', 'link': 'https://www.google.com/maps/contrib/117391667652925232154?hl=en-US', 'contributor_id': '117391667652925232154', 'thumbnail': 'https://lh3.googleusercontent.com/a-/ALV-UjXw6hUfdZ3Z3pcTAY1PzjTx4PJwsoetq7MwuaBp5gooQ-5JAACh3A=s120-c-rp-mo-ba4-br100', 'local_guide': True, 'reviews': 140, 'photos': 221}",5,"No need for any description for this place. Its just COOLüëç On entering the IF&SL building, use lift numbers 7,8 and 9 for going to 4th Floor to IBM Office.",4 years ago,Mumbai,IBM
"{'name': 'Yash Gokhru', 'link': 'https://www.google.com/maps/contrib/107387477465903625861?hl=en-US', 'contributor_id': '107387477465903625861', 'thumbnail': 'https://lh3.googleusercontent.com/a-/ALV-UjWYHirXUXtWJ-Mz6O43drkfWA2pW11PvEp7T2MfjmnrKJPMPUvI=s120-c-rp-mo-ba2-br100', 'local_guide': True, 'reviews': 26, 'photos': 14}",5,"One of the best commercial building ever..!!, A man in the evening plays üéπ in the lobby, huge lobby , nice interior",7 years ago,Mumbai,IBM
"{'name': 'prashant dewangan', 'link': 'https://www.google.com/maps/contrib/115493722252150317948?hl=en-US', 'contributor_id': '115493722252150317948', 'thumbnail': 'https://lh3.googleusercontent.com/a-/ALV-UjXGjQPEzYah1qGmhUzGaZNiOYeqdjhEK41dvveSrFiAhdDWzEbc=s120-c-rp-mo-ba3-br100', 'local_guide': True, 'reviews': 8, 'photos': 10}",5,"Awesome atmosphere here unlike other offices it's cool and fab place , encourages innovation",a year ago,Mumbai,IBM
"{'name': 'chirag panchal', 'link': 'https://www.google.com/maps/contrib/103279687457259895906?hl=en-US', 'contributor_id': '103279687457259895906', 'thumbnail': 'https://lh3.googleusercontent.com/a-/ALV-UjWFIuUkZApOEhMocFPI3XgZqey5PY6jk90AIswH3zPNhuTUrM9oFg=s120-c-rp-mo-ba4-br100', 'local_guide': True, 'reviews': 121, 'photos': 38}",5,The building is very nice you and the while area is nice,7 months ago,Mumbai,IBM
"{'name': 'AQUIB Shaikh', 'link': 'https://www.google.com/maps/contrib/109230495160755254739?hl=en-US', 'contributor_id': '109230495160755254739', 'thumbnail': 'https://lh3.googleusercontent.com/a/ACg8ocJDPBAlQz4ITEIz0NZ8A_KkfSmy9k6rNEJ9JwcGX2EJIDNJO4A=s120-c-rp-mo-ba6-br100', 'local_guide': True, 'reviews': 210, 'photos': 375}",5,Nice one im visiting pay pal office,7 months ago,Mumbai,IBM
"{'name': 'Tarunkumar Vyas', 'link': 'https://www.google.com/maps/contrib/107359689250788254072?hl=en-US', 'contributor_id': '107359689250788254072', 'thumbnail': 'https://lh3.googleusercontent.com/a-/ALV-UjWYIik_pVYT1HX3V9oTtEz8xz87n4xcLZPw5LYGKE-js-poFfcB3w=s120-c-rp-mo-ba2-br100', 'local_guide': True, 'reviews': 16, 'photos': 5}",5,"ILFS Tower are at BKC, it's an office place, while entering must pass the security scan and at first floor entrance a great open space with coffee day and piano music running, also have restaurant at first floor....",6 years ago,Mumbai,IBM
"{'name': 'Rahul Mehta', 'link': 'https://www.google.com/maps/contrib/105160162308144416644?hl=en-US', 'contributor_id': '105160162308144416644', 'thumbnail': 'https://lh3.googleusercontent.com/a/ACg8ocJL9Rq8h9jyEsmx-kFYYP5muUQpN1VOj4juSrbZ1dA608tI1Q=s120-c-rp-mo-ba4-br100', 'local_guide': True, 'reviews': 109, 'photos': 6}",4,One of the best office buildings around. The CCD at the atrium is a great place to unwind. There is live piano everyday at 6.30 pm,6 years ago,Mumbai,IBM
"{'name': 'Roshan Sontakke', 'link': 'https://www.google.com/maps/contrib/113576347461471805379?hl=en-US', 'contributor_id': '113576347461471805379', 'thumbnail': 'https://lh3.googleusercontent.com/a-/ALV-UjUCtCBJwkRNs5P7CS0Lr7tVFEZ_ihaQxGEqeZC1u-0tR8sOqM0g=s120-c-rp-mo-ba4-br100', 'local_guide': True, 'reviews': 67, 'photos': 248}",5,"Good company to work with unless you are in a support role. The company is full of liberty and the work culture is very lenient. IBM is unique. It is the only company in our industry that has reinvented itself through multiple technology eras and economic cycles. ... Today, IBM is much more than a ‚Äúhardware, software, services‚Äù company. IBM is now emerging as a cognitive solutions and cloud platform company.",3 years ago,Mumbai,IBM
"{'name': 'Mehul Thakkar', 'link': 'https://www.google.com/maps/contrib/111241141685932271674?hl=en-US', 'contributor_id': '111241141685932271674', 'thumbnail': 'https://lh3.googleusercontent.com/a-/ALV-UjVguFD34I3TED7Nizii5MIpNcjyTSe0RUebu2UFYgZDDSpMsCIw=s120-c-rp-mo-ba4-br100', 'local_guide': True, 'reviews': 113, 'photos': 70}",4,"Pretty good location, nice office space with limited siting capacity",4 months ago,Mumbai,Oracle
"{'name': 'Meheli Chatterjee', 'link': 'https://www.google.com/maps/contrib/116140050281838268012?hl=en-US', 'contributor_id': '116140050281838268012', 'thumbnail': 'https://lh3.googleusercontent.com/a-/ALV-UjXxh9l5MfjQn3UpP-AivolqAsOxN_FQhVHnJ66EokQCiY6eVQd_=s120-c-rp-mo-ba5-br100', 'local_guide': True, 'reviews': 76, 'photos': 1401}",5,It's a software company and there are many other companies here in this building. In the ground floor you would find lot of restaurants and also if you wish to wait for sometime for someone there is ample place to sit or have a stroll.,9 months ago,Mumbai,Oracle
"{'name': 'T G', 'link': 'https://www.google.com/maps/contrib/101891940086128772783?hl=en-US', 'contributor_id': '101891940086128772783', 'thumbnail': 'https://lh3.googleusercontent.com/a/ACg8ocJ_XQXsr6zSyGUaAT1tTgFoA6OWmyvm8GZJBP-bbguDHP157Q=s120-c-rp-mo-br100', 'local_guide': True, 'reviews': 8, 'photos': 0}",5,Good place to work,3 weeks ago,Mumbai,Oracle
"{'name': 'Vicky Dhanwani', 'link': 'https://www.google.com/maps/contrib/102639772487863856853?hl=en-US', 'contributor_id': '102639772487863856853', 'thumbnail': 'https://lh3.googleusercontent.com/a-/ALV-UjULgxbM9hqxQYqbORjsbsCP1SLm7lW3_WjiTfXjF5I2bfG4FlH-=s120-c-rp-mo-ba3-br100', 'local_guide': True, 'reviews': 49, 'photos': 13}",4,Beautiful office but if you are going for a meeting better go 15-20 minutes early. Multiple security check point. You would need a building pass and then an Oracle visitor pass. So it takes time to get into the meeting room. And they are quiet strict about the security.,6 years ago,Mumbai,Oracle
"{'name': 'NEELKANTH STATIONERS', 'link': 'https://www.google.com/maps/contrib/115582367614305241521?hl=en-US', 'contributor_id': '115582367614305241521', 'thumbnail': 'https://lh3.googleusercontent.com/a-/ALV-UjXJhFg_o1hS4QxTCs7xb4EBYEmpJ9l0OwrPJxZKJSI40gRKeIKr=s120-c-rp-mo-br100', 'reviews': 121, 'photos': 0}",5,"Emerging technologies are disrupting old paradigms and unleashing new
opportunities. Oracle has embedded innovative technologies in every
aspect of our cloud, enabling companies to reimagine their businesses,
processes, and experiences. And the world‚Äôs #1 database is now
autonomous, allowing enterprises to innovate at the speed of a startup.",6 years ago,Mumbai,Oracle
"{'name': 'Mr Boss', 'link': 'https://www.google.com/maps/contrib/113944427425559982651?hl=en-US', 'contributor_id': '113944427425559982651', 'thumbnail': 'https://lh3.googleusercontent.com/a-/ALV-UjXPlGg70HC4ieRFBG-d8NdpqimgZq0CubHp60mP7MJK_u_YYSqk=s120-c-rp-mo-ba4-br100', 'local_guide': True, 'reviews': 26, 'photos': 26}",4,"Oracle is best event for the mySQL. The better place for event, program.",a year ago,Mumbai,Oracle
"{'name': 'Nandkumar Raghavan', 'link': 'https://www.google.com/maps/contrib/105507953366760193149?hl=en-US', 'contributor_id': '105507953366760193149', 'thumbnail': 'https://lh3.googleusercontent.com/a/ACg8ocIuwbLKqt4P7jfqixxjpJlnuOvNk7jPn9mWa0u0U7YXLeDm0w=s120-c-rp-mo-ba3-br100', 'local_guide': True, 'reviews': 106, 'photos': 0}",5,Awesome Place. One of the best company in India.,4 years ago,Mumbai,Oracle
"{'name': 'Pallavi Chaudhari', 'link': 'https://www.google.com/maps/contrib/110362070017375524067?hl=en-US', 'contributor_id': '110362070017375524067', 'thumbnail': 'https://lh3.googleusercontent.com/a-/ALV-UjWjpG9gPuaB2GCXsmvfn72y5lK5JsciBh8lU82HTyHFdhA6G_Yf=s120-c-rp-mo-br100', 'reviews': 3, 'photos': 3}",5,Nice Office place ü§ó,a year ago,Mumbai,Oracle
"{'name': 'Dmoto Vlogger', 'link': 'https://www.google.com/maps/contrib/106824787668896857654?hl=en-US', 'contributor_id': '106824787668896857654', 'thumbnail': 'https://lh3.googleusercontent.com/a-/ALV-UjXNd57OWv28kkgbnagdwsoyGNrlIe38DR6S8LB4KVq8RbTOQReP=s120-c-rp-mo-ba5-br100', 'local_guide': True, 'reviews': 58, 'photos': 64}",5,"Good place, but it is a corporate house you go for interview & stuff. ‚Äúit is not a service center ‚Äù",4 years ago,Mumbai,HCL
"{'name': 'Chinmay Gulhane', 'link': 'https://www.google.com/maps/contrib/109896522066402405522?hl=en-US', 'contributor_id': '109896522066402405522', 'thumbnail': 'https://lh3.googleusercontent.com/a-/ALV-UjXzUO4JZ0kiTl5-6cq4D-7kC9jddOLqW2sFsvrWW3hKZFfavS-Q=s120-c-rp-mo-ba4-br100', 'local_guide': True, 'reviews': 66, 'photos': 58}",4,Nice And peaceful place to work....,5 years ago,Mumbai,HCL
"{'name': 'Harshit Raval', 'link': 'https://www.google.com/maps/contrib/111256574226155072899?hl=en-US', 'contributor_id': '111256574226155072899', 'thumbnail': 'https://lh3.googleusercontent.com/a-/ALV-UjXfGz5IwVGDbqNn4DYVxHKB_otRIPaUjizeVP6-fOLHGm4Jv50Mpg=s120-c-rp-mo-ba4-br100', 'local_guide': True, 'reviews': 93, 'photos': 86}",4,"Had an interview for HCL on saturday at HCL comnet , facility is good, having good number of work station. Don't know much about culture and value of company but one thing is sure HRs are not so good. No cooperative at all.",5 years ago,Mumbai,HCL
"{'name': 'Noman Khan', 'link': 'https://www.google.com/maps/contrib/110719935651175595204?hl=en-US', 'contributor_id': '110719935651175595204', 'thumbnail': 'https://lh3.googleusercontent.com/a/ACg8ocJKQ3FfyfipanzUw1V9uTdH8-xsAVt5kRXb2ePEaTeDK5cqcg=s120-c-rp-mo-ba2-br100', 'local_guide': True, 'reviews': 18, 'photos': 0}",2,Place was awsum but I went for interview they said I cleared 2 round by didn't called back,6 years ago,Mumbai,HCL
"{'name': 'Aniket Vaity', 'link': 'https://www.google.com/maps/contrib/105657745214422400838?hl=en-US', 'contributor_id': '105657745214422400838', 'thumbnail': 'https://lh3.googleusercontent.com/a-/ALV-UjWoZbAiUT7eom4Zzlj0Sic4v5gZSSeRWbD-bIaS2cu1IbfED3vu=s120-c-rp-mo-ba4-br100', 'local_guide': True, 'reviews': 106, 'photos': 71}",3,No canteen. But on walkable distance from midc bustop,5 years ago,Mumbai,HCL
"{'name': 'nikhil chaudhari', 'link': 'https://www.google.com/maps/contrib/101174438943732484241?hl=en-US', 'contributor_id': '101174438943732484241', 'thumbnail': 'https://lh3.googleusercontent.com/a-/ALV-UjXQXROB5JEJtAtFItRH8xgPvVzhMiJtmtvrJd5bwsCOTjOsA9uCUg=s120-c-rp-mo-br100', 'local_guide': True, 'reviews': 10, 'photos': 12}",5,Best place to work !!!! I work in HCl comnet for last 6 years awesome experience.,6 years ago,Mumbai,HCL
"{'name': 'Mauktik Tiwari', 'link': 'https://www.google.com/maps/contrib/108683939937297239444?hl=en-US', 'contributor_id': '108683939937297239444', 'thumbnail': 'https://lh3.googleusercontent.com/a-/ALV-UjUBRkexRMXwN7NSZtMq8RRiCFzz0xmN_TqnEkvb4PCCG9NhzVwD=s120-c-rp-mo-br100', 'local_guide': True, 'reviews': 11, 'photos': 3}",4,A very nice area and the interior of the building is quite good,3 years ago,Mumbai,HCL
"{'name': 'Akshay Barapatre', 'link': 'https://www.google.com/maps/contrib/106662810454911390945?hl=en-US', 'contributor_id': '106662810454911390945', 'thumbnail': 'https://lh3.googleusercontent.com/a-/ALV-UjUqQ0rekma1w5EUtKCu1hKRdWw70o-dBcqxOpsTZiNVnjHf9mn_=s120-c-rp-mo-br100', 'local_guide': True, 'reviews': 14, 'photos': 0}",3,Alight at tunga paradise bus stop. It is near from there,6 years ago,Mumbai,HCL
"{'name': 'neha mistry', 'link': 'https://www.google.com/maps/contrib/114457742107515819577?hl=en-US', 'contributor_id': '114457742107515819577', 'thumbnail': 'https://lh3.googleusercontent.com/a-/ALV-UjU8jWtbpnsgjNoA9kloG2qK_C19xE1ljnxAqzlgvX5gQ-aMaChg=s120-c-rp-mo-ba3-br100', 'local_guide': True, 'reviews': 28, 'photos': 3}",5,"Great Place to work. Though the company is very huge and has big name, again it all depends on the project and people you work with. What I experienced here is this company has good projects and dedicated team working towards it. Overall great place to learn and grow.",2 years ago,Mumbai,Cognizant
"{'name': 'Sanket Suryawanshi', 'link': 'https://www.google.com/maps/contrib/100148737833591304557?hl=en-US', 'contributor_id': '100148737833591304557', 'thumbnail': 'https://lh3.googleusercontent.com/a-/ALV-UjUEs-m5B1A8aS69KnM9Oiug1o9eKyPXCSkOFOgSWdEh3GETQnnT=s120-c-rp-mo-ba4-br100', 'local_guide': True, 'reviews': 81, 'photos': 23}",4,Nice office. Scenic view esp in monsoon. Staff is well trained. Ample free parking. But sometimes stingy due to water leakage. Great employee friendly company but the interaction amount it support team and developers is difficult to initiate at times.,6 years ago,Mumbai,Cognizant
"{'name': 'saket tiwari', 'link': 'https://www.google.com/maps/contrib/106231430846605858425?hl=en-US', 'contributor_id': '106231430846605858425', 'thumbnail': 'https://lh3.googleusercontent.com/a-/ALV-UjWC0Vod9SmQGXMSJZhHG1a04FuvW4R280H5RCCvtT9Knv_T05o=s120-c-rp-mo-br100', 'local_guide': True, 'reviews': 10, 'photos': 0}",4,The place has its own aura behind the business Park you would see a mountain view which is even more beautiful in rainy season and in front will be a bunch of hiranandani towers so cool place over all near to hiranandani gardens and galleria,8 years ago,Mumbai,Cognizant
"{'name': 'Rooba Lakshmi', 'link': 'https://www.google.com/maps/contrib/111534740269262333391?hl=en-US', 'contributor_id': '111534740269262333391', 'thumbnail': 'https://lh3.googleusercontent.com/a-/ALV-UjW-5dtqYbojelx-lvL_yuMFK29j2D8VukXQ-C2CMC3rTmdYuFpM=s120-c-rp-mo-ba2-br100', 'local_guide': True, 'reviews': 19, 'photos': 6}",4,The facility is good and posh but a bit old.. connectivity to this location is not so flexible...Big downside is lavatories in the facility are not enough for that many people.,6 years ago,Mumbai,Cognizant
"{'name': 'navin balakrishnan', 'link': 'https://www.google.com/maps/contrib/100413512396014610591?hl=en-US', 'contributor_id': '100413512396014610591', 'thumbnail': 'https://lh3.googleusercontent.com/a-/ALV-UjVZ-Urn9Gxk52N2OCAgK_HKRoixZ00bSpAdfWE_hTKMXMshfiZh=s120-c-rp-mo-ba3-br100', 'local_guide': True, 'reviews': 36, 'photos': 10}",5,"One of the most ethical and employee friendly IT companies to work in. Has great work culture, non hierarchical ecosystem and systematic career growth plan.",6 years ago,Mumbai,Cognizant
"{'name': 'Sachin Sarawgi', 'link': 'https://www.google.com/maps/contrib/109344372541936323983?hl=en-US', 'contributor_id': '109344372541936323983', 'thumbnail': 'https://lh3.googleusercontent.com/a-/ALV-UjW_5-UIvHxPYaUBg6eIrRiWWL63roFicCsWSXS02MvaVl4rVGLY=s120-c-rp-mo-ba3-br100', 'local_guide': True, 'reviews': 31, 'photos': 14}",5,Neat and clean environment. Lift is fast so u dont feel delay. Has one big automatic door.,7 years ago,Mumbai,Cognizant
"{'name': 'Shrinivas Dhage', 'link': 'https://www.google.com/maps/contrib/104179311559445535202?hl=en-US', 'contributor_id': '104179311559445535202', 'thumbnail': 'https://lh3.googleusercontent.com/a/ACg8ocLqWzb6Tb7nQTAf_IBJ9RrBHYKf9IcXbtiZ28Uno32EjuXuPg=s120-c-rp-mo-ba3-br100', 'local_guide': True, 'reviews': 27, 'photos': 6}",4,Visited this place for some official purposes. Gets best view during monsoon season. Watching powai from here is different level of experience.,6 years ago,Mumbai,Cognizant
"{'name': 'Susmita Subhadarshini Panda', 'link': 'https://www.google.com/maps/contrib/104387165865003134629?hl=en-US', 'contributor_id': '104387165865003134629', 'thumbnail': 'https://lh3.googleusercontent.com/a-/ALV-UjVQoqmY-_CphqtWB1UpK_-6F5l_-IULD_VUypg3HCueDLf246Tc=s120-c-rp-mo-ba2-br100', 'local_guide': True, 'reviews': 3, 'photos': 46}",5,"Love this place , it has an aura that is rarely found, the high end buildings are not only defining royalty but also an eye candy for us...",5 years ago,Mumbai,Cognizant
"{'name': 'Arshad Ansari', 'link': 'https://www.google.com/maps/contrib/114649972966953783534?hl=en-US', 'contributor_id': '114649972966953783534', 'thumbnail': 'https://lh3.googleusercontent.com/a-/ALV-UjXu5iBXLwBqPG59dh5fuUNOtAlfUDucqFES6HYeFcxOAqhhw9ab=s120-c-rp-mo-ba2-br100', 'local_guide': True, 'reviews': 7, 'photos': 1}",1,"I strongly recommend avoiding this company for an interview. I received a call from Sneha, who invited me for an interview without verifying the client's availability. Upon arriving in Andheri, I was informed to go home as the interview was canceled. To make matters worse, I've had a previous experience with this company where the interview process took the entire day, including a typing test. Later, I was called back for another round on a different day, with no guarantee of selection. This happened last month, and recently I was told to go home again. Additionally, if your shift ends late at night around 12 am, there is no home drop or any centralized bus pick up or drop from Andheri station. This lack of proper arrangements is disappointing and unprofessional.",a week ago,Mumbai,Tech Mahindra
"{'name': 'Trupti Raut', 'link': 'https://www.google.com/maps/contrib/108313631716568856241?hl=en-US', 'contributor_id': '108313631716568856241', 'thumbnail': 'https://lh3.googleusercontent.com/a/ACg8ocJnpxa2VSArw1Palwrh2TlMw-1AGZymgPrPCf-w7cN3xv0BuA=s120-c-rp-mo-ba2-br100', 'local_guide': True, 'reviews': 15, 'photos': 0}",4,Very nice place to work at very easy now to get down at metro station Saki Naka and get sharing Rick of 20Rs each seat and reach TechM building just little ahead of boomerang building!,a month ago,Mumbai,Tech Mahindra
"{'name': 'Samima Begum', 'link': 'https://www.google.com/maps/contrib/116316291754638870388?hl=en-US', 'contributor_id': '116316291754638870388', 'thumbnail': 'https://lh3.googleusercontent.com/a/ACg8ocIBULf2jnUojVp-mV1uT_Uk5DFq2l03M-sLb0K8SLxMYyKhsw=s120-c-rp-mo-br100', 'reviews': 1, 'photos': 0}",1,Worst company no action taken for upscound people who take their respective I'd card to their home batch 122 who's trainer was Zahid sir he is the irresponsible one he didn't take any action against the upscound employees who have their I'd card with them in their home tech Mahindra Chandivali Sudipto sir it's a request to take immediate action,3 months ago,Mumbai,Tech Mahindra
"{'name': 'Gupta Ankit', 'link': 'https://www.google.com/maps/contrib/107537280011124584436?hl=en-US', 'contributor_id': '107537280011124584436', 'thumbnail': 'https://lh3.googleusercontent.com/a-/ALV-UjUOlo1XH9o7jFGwHzZsAJDj2f_ha0qZ7EomtOf8CFwACAUj5L8ekw=s120-c-rp-mo-ba5-br100', 'local_guide': True, 'reviews': 213, 'photos': 49}",4,If you are fresher you want to work with techm then english speaking is fluent and there is 4 time interview,5 months ago,Mumbai,Tech Mahindra
"{'name': 'Railyaan', 'link': 'https://www.google.com/maps/contrib/105903071987022630977?hl=en-US', 'contributor_id': '105903071987022630977', 'thumbnail': 'https://lh3.googleusercontent.com/a-/ALV-UjWa1tG1v8AdnwquFdpN_1Zb0wPCZj47ItoG6_A7wYNsEyHhabpu=s120-c-rp-mo-ba4-br100', 'local_guide': True, 'reviews': 58, 'photos': 96}",5,"Building is old, and office is look like vintage collection but look so beautiful",3 months ago,Mumbai,Tech Mahindra
"{'name': 'Ahetesham Mohiuddin', 'link': 'https://www.google.com/maps/contrib/102885692680173202945?hl=en-US', 'contributor_id': '102885692680173202945', 'thumbnail': 'https://lh3.googleusercontent.com/a-/ALV-UjXV9eUeekh2Z5a8VDQ5S2SZy0q3Pu2KwP_1iISliwknn5v0Gik=s120-c-rp-mo-br100', 'local_guide': True, 'reviews': 3, 'photos': 0}",1,"Pathetic experience with this company.Firstly the security guards are very rude with the visitors,Secondly there is no parking for the Interview visitors,they first take all rounds of the interview and then told that you all go,we will give feedback to your respective consultancy after that they tell that you are rejected.They wasted my whole day in interview process.",6 months ago,Mumbai,Tech Mahindra
"{'name': 'Avinash Gaikwad', 'link': 'https://www.google.com/maps/contrib/115448937728825923522?hl=en-US', 'contributor_id': '115448937728825923522', 'thumbnail': 'https://lh3.googleusercontent.com/a/ACg8ocLI8zFaaZFR7-nXs2vpSZJK1dNrrr0uiVeuIXkV9u1ggbSG6g=s120-c-rp-mo-ba4-br100', 'local_guide': True, 'reviews': 110, 'photos': 238}",5,"""TCS Pune Campus is a thriving hub of innovation and collaboration. The state-of-the-art facilities, coupled with a vibrant work culture, make it an ideal place for professional growth. The campus boasts modern infrastructure and green surroundings, providing a conducive environment for creativity and productivity. With a diverse and talented workforce, TCS Pune embraces a collaborative spirit, fostering continuous learning and development. The supportive management and focus on employee well-being contribute to a positive work atmosphere. Overall, TCS Pune Campus stands as a testament to TCS's commitment to excellence, offering a rewarding experience for its employees.""",11 months ago,Mumbai,Tech Mahindra
"{'name': 'Vaibhav Singh', 'link': 'https://www.google.com/maps/contrib/116895566881756634679?hl=en-US', 'contributor_id': '116895566881756634679', 'thumbnail': 'https://lh3.googleusercontent.com/a-/ALV-UjUMBN-xE1fC7uXYyuUwFWbFmIq_Jmk3jM9ySn-mPSL9E3Ufr-sIrw=s120-c-rp-mo-ba3-br100', 'local_guide': True, 'reviews': 20, 'photos': 1}",1,Worst company to work they are just playing with their employees and make them work as per their need they don't even have the proper equipment which is required to do the work no proper pc stable connection. I have join this company for some other job role but after some time they forceful shifted me and my whole batch into different process and job roles and if we denied their requirements the whole Hr team and management team threatened us to draft resignation letter and serve for 1 month with less salary,11 months ago,Mumbai,Tech Mahindra
